1651-08-17,ЫQРЛ704,Регулятор тяги двигателя,РТД 704QЫРЛ 372
1861-01-23,ЭVФЛ229,Вакуумная камера,ВК 229VЭФЛ 162
1035-12-07,ЛIЧФ162,Резервная система питания,РСП 162IЛЧФ 988
1735-04-15,РCRC150,Лазерный прицел,ЛП 150CRCР 288
1803-01-15,ВJYH866,Запасной контейнер,ЗК 866JYHВ 220
1661-10-27,JСPК372,Система санитарной обработки,ССО 372JPСК 362
1310-01-02,QXЮH414,Разделитель зарядки,РЗ 414QXHЮ 713
1563-09-08,ЯОYF233,Система защиты от метеоритов,С 233YFЯО 460
1520-08-02,ЖЕЖХ992,Инерциальная навигационная система,ИНС 992ЖЕЖХ 503
1039-11-06,ХХЩR555,Система газораспределения,СГ 555RХХЩ 984
1356-11-16,LОDЛ468,Солнечные батареи,СБ 468LDОЛ 667
1791-09-02,VSOH221,Система уничтожения мусора,СУМ 221VSOH 232
1041-02-07,DВСЗ701,Гидрозапорная система,ГС 701DВСЗ 982
1232-03-15,TАЮМ813,Теплообменник,Т 813TАЮМ 791
1928-02-02,RУEO123,Крепежные болты,КБ 123REOУ 95
1949-02-10,УЯPW232,Наземная ракетная платформа,НРП 232PWУЯ 74
0919-03-19,QJМY369,Регулятор тяги двигателя,РТД 369QJYМ 1104
1827-03-03,ЬZЮX122,Контроллер топлива,КТ 122ZXЬЮ 196
1971-06-04,DЛУF681,Контроллер топлива,КТ 681DFЛУ 52
1579-05-05,UWЧO689,Радиоизотопный генератор,РГ 689UWOЧ 444
1567-12-27,TАHГ487,Гидравлическая система,ГС 487THАГ 456
1227-05-20,WHАR275,Батарея электронных блоков,БЭБ 275WHRА 796
0903-03-20,TVGG694,Информационно-управляющая система,ИС 694TVGG 1120
1204-12-27,AJОN902,Теплообменник,Т 902AJNО 819
1419-02-21,XAЬT527,Реверсивная тяга,РТ 527XATЬ 604
0977-10-16,ЩEAI270,Газовый генератор,ГГ 270EAIЩ 1046
1614-01-01,ПUПЭ8,Радиоизотопный генератор,РГ 8UППЭ 409
1464-06-28,ВDVЫ390,Корпусная панель,КП 390DVВЫ 559
1898-05-06,STXА51,Система стабилизации,СС 51STXА 125
0994-04-26,НИХZ164,Уровнемер топлива,УТ 164ZНИХ 1029
0952-07-05,ЭСНO344,Система вентиляции,СВ 344OЭСН 1071
1746-05-04,VЭУЭ293,Резервная система питания,РСП 293VЭУЭ 277
1487-01-21,ГЛГМ676,Спутниковая антенна,СА 676ГЛГМ 536
1585-10-18,ZZЭO494,Рулевая сопля,РС 494ZZOЭ 438
0958-01-09,ЩQГZ230,Ускоритель,У 230QZЩГ 1065
1016-09-19,ЩМФМ440,Гидрозапорная система,ГС 440ЩМФМ 1007
1351-02-10,НYZЮ647,Гидрозапорная система,ГС 647YZНЮ 672
1390-05-05,IНXК480,Фильтр газоотводного патрубка,ФГП 480IXНК 633
1414-12-20,FHТИ946,Навигационный модуль,НМ 946FHТИ 609
0970-04-21,LYОД50,Система дозаправки топлива,СДТ 50LYОД 1053
1303-02-24,HЪНЯ603,Азотный бак,АБ 603HЪНЯ 720
1848-03-21,ЖEЧR526,Генератор apu,ГA 526ERЖЧ 175
1574-02-14,FМUТ420,Система уничтожения мусора,СУМ 420FUМТ 449
1646-05-14,ТNLЛ5,Ускорительный блок,УБ 5NLТЛ 377
1175-09-11,DJЧЖ711,Радиоизотопный генератор,РГ 711DJЧЖ 848
1536-03-02,XСЧS583,Ускорительный блок,УБ 583XSСЧ 487
2005-09-18,ШMAЙ508,Корпусная панель,КП 508MAШЙ 18
1318-11-08,ДLMO836,Гидравлическая система,ГС 836LMOД 705
1892-10-12,VWEO966,Щит теплоизоляции,ЩТ 966VWEO 131
1204-12-03,ИJЗГ947,Внешний обтекатель,ВО 947JИЗГ 819
1292-12-11,RWLЫ241,Система дозаправки топлива,СДТ 241RWLЫ 731
1068-09-12,PZIР885,Газодинамическая система управления,ГСУ 885PZIР 955
1988-05-07,UЫРЩ767,Резервный блок питания,РБП 767UЫРЩ 35
1043-04-21,RЯЭF276,Ёмкость жидкого водорода,ЁЖВ 276RFЯЭ 980
1740-09-07,LТДR148,Резервный турбонасос,РТ 148LRТД 283
0970-06-01,ЗЗKЪ38,Батарейный отсек,БО 38KЗЗЪ 1053
1816-06-28,IЩLБ197,Система вентиляции,СВ 197ILЩБ 207
1518-07-21,FUYО8,Система аварийного отключения,САО 8FUYО 505
1503-02-15,AЦРQ230,Гидравлическая система,ГС 230AQЦР 520
1137-02-19,AМUК552,Солнечные батареи,СБ 552AUМК 886
0927-08-21,VПТU590,Корректирующая сопля,КС 590VUПТ 1096
2010-02-04,GЙLA236,Ускорительный блок,УБ 236GLAЙ 13
1551-04-08,MJPX345,Система подачи кислорода,СПК 345MJPX 472
1988-03-11,ЧOЯЯ372,Топливный бак,ТБ 372OЧЯЯ 35
1466-10-04,ЧЧФC581,Газовый сепаратор,ГС 581CЧЧФ 557
1198-07-19,YЭОP431,Коммуникационная панель,КП 431YPЭО 825
1845-12-26,SZCI145,Главный двигатель,ГД 145SZCI 178
0905-03-08,ЖCРЕ474,Фильтр газоотводного патрубка,ФГП 474CЖРЕ 1118
1714-12-07,ФИZB298,Система охлаждения камеры сгорания,С 298ZBФИ 309
1758-03-03,ZMCZ241,Система санитарной обработки,ССО 241ZMCZ 265
1337-07-10,ЖBЮE800,Система охлаждения камеры сгорания,С 800BEЖЮ 686
1646-03-25,ЙБШП244,Внутренний предохранитель,ВП 244ЙБШП 377
1216-04-13,ФOЦВ528,Контейнер для отходов,КДО 528OФЦВ 807
1949-06-08,УSVК693,Герметичный контейнер,ГК 693SVУК 74
1544-11-02,ЕDКK973,Система очистки топлива,СОТ 973DKЕК 479
1329-03-04,МVЧЦ312,Система подачи кислорода,СПК 312VМЧЦ 694
1641-07-14,СЗIB230,Резервный турбонасос,РТ 230IBСЗ 382
1612-01-07,ФFAQ429,Система очистки топлива,СОТ 429FAQФ 411
1442-05-12,ФMШК880,Комплект резервных датчиков,КРД 880MФШК 581
1902-01-05,AИРA650,Модульный отсек,МО 650AAИР 121
1952-03-09,ЧKVЫ727,Ёмкость жидкого водорода,ЁЖВ 727KVЧЫ 71
1998-02-03,LЯЯV779,Резервный топливный бак,РТБ 779LVЯЯ 25
1170-10-06,ЙМБЫ89,Система взрывной обработки,СВО 89ЙМБЫ 853
1895-03-12,HTОЕ259,Резервный блок питания,РБП 259HTОЕ 128
1038-10-22,OGDY825,Рулевая сопля,РС 825OGDY 985
1444-03-25,ЙVLL29,Огнедышащий сопел,ОС 29VLLЙ 579
0937-12-25,ESXR742,Система защиты от перегрузок,С 742ESXR 1086
1777-04-21,ЦВPГ293,Стойка поддержки,СП 293PЦВГ 246
1138-11-09,HЙBЙ590,Антенна связи,АС 590HBЙЙ 885
1731-06-19,RЛЖЧ146,Система питания,СП 146RЛЖЧ 292
1665-03-27,KJEО745,Система уничтожения мусора,СУМ 745KJEО 358
1258-03-28,YЮRЛ700,Радиосигнальная система,РС 700YRЮЛ 765
1719-08-16,ЖFDФ662,Система погасителей,СП 662FDЖФ 304
1146-10-17,СВТЕ325,Система погасителей,СП 325СВТЕ 877
1203-10-14,БЩЯB794,Контейнер для отходов,КДО 794BБЩЯ 820
1898-04-26,ТWЬЪ953,Система подачи кислорода,СПК 953WТЬЪ 125
1601-02-18,XРШN956,Стабилизатор,С 956XNРШ 422
1840-11-28,NZRМ219,Гидравлическая система,ГС 219NZRМ 183
1224-02-28,XQЛЭ853,Вакуумная камера,ВК 853XQЛЭ 799
1332-01-01,MЭУФ45,Топливный насос,ТН 45MЭУФ 691
1308-06-28,CРРO55,Разгрузочный механизм,РМ 55COРР 715
0924-08-11,NХОN296,Система уничтожения мусора,СУМ 296NNХО 1099
1387-09-12,CУZX148,Батарея электронных блоков,БЭБ 148CZXУ 636
0904-01-26,IЩVU755,Спутниковая антенна,СА 755IVUЩ 1119
1533-09-20,UCGW856,Батарейный отсек,БО 856UCGW 490
1394-10-11,МВOШ212,Разгрузочный механизм,РМ 212OМВШ 629
1680-01-08,ГРЦЧ600,Комплект резервных датчиков,КРД 600ГРЦЧ 343
1958-08-22,JСХМ16,Регулятор давления,РД 16JСХМ 65
1469-04-14,TCNP808,Система подачи кислорода,СПК 808TCNP 554
1631-02-15,WWGA864,Пылесборный фильтр,ПФ 864WWGA 392
1045-08-23,ЫЗБВ448,Щит теплоизоляции,ЩТ 448ЫЗБВ 978
1506-09-28,KЖZЕ158,Кондиционер воздуха,КВ 158KZЖЕ 517
1386-09-06,ЫNLK430,Рычаг управления,РУ 430NLKЫ 637
1618-09-07,ЪFЮЧ350,Система санитарной обработки,ССО 350FЪЮЧ 405
1489-01-17,PXLE524,Ускорительный блок,УБ 524PXLE 534
1957-02-19,АОAW902,Запасной двигатель,ЗД 902AWАО 66
1046-05-02,BЕWШ612,Инерциальная навигационная система,ИНС 612BWЕШ 977
1720-01-02,ZГPP66,Спутниковая антенна,СА 66ZPPГ 303
1760-05-16,CVМЕ170,Фазовод,Ф 170CVМЕ 263
0921-04-09,FХВК714,Уплотнительное кольцо,УК 714FХВК 1102
1448-09-07,HКМK859,Основное управление двигателем,ОУД 859HKКМ 575
1747-07-21,FMНЯ284,Модульный отсек,МО 284FMНЯ 276
1309-05-23,ЪФEХ374,Аэродинамический кокпит,АК 374EЪФХ 714
1634-11-20,ФЫЖИ131,Воздухозаборник,В 131ФЫЖИ 389
1160-03-26,QУЛT188,Резервный блок питания,РБП 188QTУЛ 863
1347-01-16,JOЗZ703,Система стабилизации,СС 703JOZЗ 676
1185-03-06,EПЛШ356,Фазовод,Ф 356EПЛШ 838
1689-07-21,УDЗЙ107,Разъединитель топливных линий,РТЛ 107DУЗЙ 334
1193-03-18,РJЛМ228,Автоматическая навигационная система,АНС 228JРЛМ 830
1362-01-13,РQАС593,Запасной контейнер,ЗК 593QРАС 661
1273-05-23,BZЕU847,Герметичный контейнер,ГК 847BZUЕ 750
1332-04-09,ИHZP970,Система охлаждения камеры сгорания,С 970HZPИ 691
1984-04-24,FЬOM413,Теплообменник,Т 413FOMЬ 39
1184-12-14,СЯМY699,Спутниковая антенна,СА 699YСЯМ 839
1666-07-22,ЧJKИ204,Блок управления турбиной,БУТ 204JKЧИ 357
1782-02-19,MЫRI728,Система дозаправки топлива,СДТ 728MRIЫ 241
1026-10-13,ХEКЦ321,Ступенька,С 321EХКЦ 997
1451-12-08,LLLE43,Резервный турбонасос,РТ 43LLLE 572
1535-05-21,ЧОLC624,Основное управление двигателем,ОУД 624LCЧО 488
1348-10-25,YАЖR194,Аэродинамический кокпит,АК 194YRАЖ 675
1893-12-26,ДГЪI908,Коммуникационная панель,КП 908IДГЪ 130
1728-09-13,RЦНЖ865,Корректирующая сопля,КС 865RЦНЖ 295
1758-06-04,РZНU816,Газовый сепаратор,ГС 816ZUРН 265
1783-02-15,LIСЪ171,Стабилизатор,С 171LIСЪ 240
1254-10-25,OGVФ963,Система погасителей,СП 963OGVФ 769
1202-10-07,ТЗНП401,Ускоритель,У 401ТЗНП 821
1679-12-23,LДPZ913,Коммуникационная панель,КП 913LPZД 344
1228-12-16,NЧWG811,Ёмкость жидкого водорода,ЁЖВ 811NWGЧ 795
1154-09-07,ЭЧTF148,Разгрузочный механизм,РМ 148TFЭЧ 869
1476-08-24,ПWNЬ484,Разгрузочный механизм,РМ 484WNПЬ 547
1952-04-16,ЪRБЕ169,Гидравлическая система,ГС 169RЪБЕ 71
1864-10-08,CПЕO480,Система питания,СП 480COПЕ 159
1761-08-01,ЪGNH893,Уплотнительное кольцо,УК 893GNHЪ 262
1315-08-11,ЛЦLQ456,Радиоизотопный генератор,РГ 456LQЛЦ 708
1201-03-03,IЬXФ356,Система питания,СП 356IXЬФ 822
1617-02-02,ЙPВК371,Клапан подкачки топлива,КПТ 371PЙВК 406
1423-12-07,ФБЖZ528,Регулятор давления,РД 528ZФБЖ 600
1805-12-11,ПJAF80,Разделитель зарядки,РЗ 80JAFП 218
1217-06-15,HЩCН452,Топливный насос,ТН 452HCЩН 806
1998-01-13,EHРV514,Система радарного обнаружения,СРО 514EHVР 25
1228-07-04,YMЯМ911,Топливный насос,ТН 911YMЯМ 795
1148-11-05,ЖЫЬE248,Корректирующая сопля,КС 248EЖЫЬ 875
1560-01-18,ТRSО430,Разделитель зарядки,РЗ 430RSТО 463
1198-05-25,ФNNМ962,Система защиты от метеоритов,С 962NNФМ 825
1361-11-02,ЩДRШ137,Разъединитель топливных линий,РТЛ 137RЩДШ 662
1786-01-22,UГОЬ980,Термобарическая камера,ТК 980UГОЬ 237
1918-12-14,ЩОТЦ803,Топливный насос,ТН 803ЩОТЦ 105
1174-03-16,QЭВR150,Стабилизатор,С 150QRЭВ 849
1898-03-22,SAVЮ33,Зарядное устройство,ЗУ 33SAVЮ 125
1399-02-15,ЩЕЭP357,Батарея электронных блоков,БЭБ 357PЩЕЭ 624
1851-08-14,QКJZ72,Теплообменник,Т 72QJZК 172
1402-04-17,NШЗU252,Охолаждающая система,ОС 252NUШЗ 621
1177-10-03,ЮЮФЬ813,Газовый генератор,ГГ 813ЮЮФЬ 846
1809-07-11,ЛTOH439,Пылесборный фильтр,ПФ 439TOHЛ 214
1405-06-02,MHPЯ585,Стойка поддержки,СП 585MHPЯ 618
1763-05-28,XZCT854,Внутренний предохранитель,ВП 854XZCT 260
1120-01-12,GЦХN922,Динамические тормоза,ДТ 922GNЦХ 903
1562-10-14,ZСXX318,Спутниковая антенна,СА 318ZXXС 461
1341-05-02,ГQШЩ499,Коммуникационная панель,КП 499QГШЩ 682
1442-01-25,ЭЕLC210,Резервная система питания,РСП 210LCЭЕ 581
0955-07-01,ДYRЫ253,Термооболочка,Т 253YRДЫ 1068
1375-05-04,ENСG941,Ступенька,С 941ENGС 648
1404-05-02,ФHYP725,Радиосигнальная система,РС 725HYPФ 619
1793-04-13,FQЮЮ93,Газовый генератор,ГГ 93FQЮЮ 230
1606-06-03,УHMI136,Спутниковая антенна,СА 136HMIУ 417
1642-06-15,ЙBXЭ383,Главный двигатель,ГД 383BXЙЭ 381
1259-12-28,OWЕЮ792,Корпусная панель,КП 792OWЕЮ 764
1298-10-01,ZFГЩ13,Автоклавная установка,АУ 13ZFГЩ 725
1971-11-05,NТGЖ370,Рычаг управления,РУ 370NGТЖ 52
1226-09-04,TФZЖ420,Газовый сепаратор,ГС 420TZФЖ 797
1204-03-15,МГПG807,Топливный бак,ТБ 807GМГП 819
1416-03-12,ЕВHD798,Разгрузочный механизм,РМ 798HDЕВ 607
0960-07-26,DCWУ258,Запасной двигатель,ЗД 258DCWУ 1063
1480-01-05,ЖAЬЩ395,Система стабилизации,СС 395AЖЬЩ 543
1108-08-03,SCОС189,Главный двигатель,ГД 189SCОС 915
1661-12-07,ЮNЗS470,Датчик температуры,ДТ 470NSЮЗ 362
1810-07-10,GDMH945,Рычаг управления,РУ 945GDMH 213
0940-04-01,СVНЙ621,Разделитель зарядки,РЗ 621VСНЙ 1083
1448-10-10,ФZBF774,Система очистки топлива,СОТ 774ZBFФ 575
1208-08-05,RАHЙ640,Система аварийного отключения,САО 640RHАЙ 815
1939-02-08,ЭЬJЩ335,Комплект резервных датчиков,КРД 335JЭЬЩ 84
1397-03-22,КЩWL302,Система защиты от метеоритов,С 302WLКЩ 626
1968-12-02,ЪЯPW533,Основное управление двигателем,ОУД 533PWЪЯ 55
1852-02-07,БЧГЯ737,Коммуникационная панель,КП 737БЧГЯ 171
1820-06-26,EФXB434,Турбоагрегат,Т 434EXBФ 203
1223-01-02,DNVL53,Генератор apu,ГA 53DNVL 800
1843-12-14,NXRО152,Ступенька,С 152NXRО 180
1449-02-15,CХNЙ32,Фазовод,Ф 32CNХЙ 574
1336-11-13,FЙИJ675,Внешний обтекатель,ВО 675FJЙИ 687
1666-11-06,ГSЭТ532,Система газораспределения,СГ 532SГЭТ 357
1344-11-15,LЖXW958,Огнедышащий сопел,ОС 958LXWЖ 679
1051-11-23,KЬНЦ397,Датчик температуры,ДТ 397KЬНЦ 972
1763-10-17,УЕХЕ263,Азотный бак,АБ 263УЕХЕ 260
1596-11-15,КЙFХ747,Генератор apu,ГA 747FКЙХ 427
1959-06-12,ДЧJЕ930,Радиоизотопный генератор,РГ 930JДЧЕ 64
1905-12-12,UТЧB881,Крепежные болты,КБ 881UBТЧ 118
1544-12-20,ОXSQ727,Вакуумный регулятор давления,ВРД 727XSQО 479
1959-09-08,MЭLЧ514,Система охлаждения двигателя,СОД 514MLЭЧ 64
1367-03-28,VМГV236,Разгрузочный механизм,РМ 236VVМГ 656
1449-07-26,ЕАМЪ604,Система взрывной обработки,СВО 604ЕАМЪ 574
1926-10-06,ЮЯМЫ652,Рычаг управления,РУ 652ЮЯМЫ 97
1816-11-05,QСDЛ480,Навигационный модуль,НМ 480QDСЛ 207
1821-02-26,MУГW647,Газовый сепаратор,ГС 647MWУГ 202
1087-01-17,MAПS608,Запасной двигатель,ЗД 608MASП 936
1994-08-19,VKPО611,Устройство управления тягой,УУТ 611VKPО 29
1208-11-28,ИSNZ231,Аэродинамический кокпит,АК 231SNZИ 815
1795-03-04,HXВУ323,Вакуумный насос,ВН 323HXВУ 228
2002-11-10,ЗKIV712,Гидрозапорная система,ГС 712KIVЗ 21
1917-03-16,КТМK821,Камера сгорания,КС 821KКТМ 106
1029-08-17,CОCT976,Система радарного обнаружения,СРО 976CCTО 994
1929-09-01,WНЗИ346,Запасной двигатель,ЗД 346WНЗИ 94
1981-07-21,ВШЦL75,Структурный каркас,СК 75LВШЦ 42
1235-11-22,BЛОТ405,Аэродинамический кокпит,АК 405BЛОТ 788
1492-04-10,ЦPЪИ710,Основное управление двигателем,ОУД 710PЦЪИ 531
1795-10-17,BPИG539,Воздухозаборник,В 539BPGИ 228
1866-10-18,ТFHV322,Камера сгорания,КС 322FHVТ 157
1591-04-15,ИЧАЭ252,Реверсивная тяга,РТ 252ИЧАЭ 432
1988-02-06,ЪDЖГ772,Рычаг управления,РУ 772DЪЖГ 35
1524-11-04,VКAE937,Камера сгорания,КС 937VAEК 499
1239-12-18,FIBY245,Коммуникационная панель,КП 245FIBY 784
1574-02-14,ГИWС317,Рычаг управления,РУ 317WГИС 449
1558-10-09,УЯPQ647,Внутренний предохранитель,ВП 647PQУЯ 465
1618-01-14,WСХC332,Турбоагрегат,Т 332WCСХ 405
1786-01-12,FРVЗ947,Кольцевой теплообменник,КТ 947FVРЗ 237
1551-01-27,XДWC308,Фильтр газоотводного патрубка,ФГП 308XWCД 472
1999-10-16,УЙТХ195,Батарейный отсек,БО 195УЙТХ 24
1810-05-16,ГCЗS280,Основное управление двигателем,ОУД 280CSГЗ 213
1361-12-17,IВЗН948,Запасной двигатель,ЗД 948IВЗН 662
1614-10-05,QИОX926,Вакуумная камера,ВК 926QXИО 409
1259-08-26,SЦZБ680,Термооболочка,Т 680SZЦБ 764
1684-05-13,MОEЯ844,Солнечные батареи,СБ 844MEОЯ 339
1376-02-11,ИTPN574,Стабилизатор,С 574TPNИ 647
1908-07-07,УПHE648,Гидравлическая система,ГС 648HEУП 115
1502-03-25,ЧWЬR606,Пылесборный фильтр,ПФ 606WRЧЬ 521
1847-12-13,HWUА553,Система питания,СП 553HWUА 176
1565-03-03,УСAB996,Регулятор тяги двигателя,РТД 996ABУС 458
1065-01-16,ЫCVF850,Реверсивная тяга,РТ 850CVFЫ 958
1007-09-03,IQFУ583,Стабилизатор,С 583IQFУ 1016
1548-01-28,ZЗДX500,Главный двигатель,ГД 500ZXЗД 475
1255-04-12,EKЖО922,Датчик высоты,ДВ 922EKЖО 768
0912-10-19,ЖЭPЧ553,Разделитель зарядки,РЗ 553PЖЭЧ 1111
1984-11-10,ЪQLO994,Уровнемер топлива,УТ 994QLOЪ 39
1502-05-07,ИВХO673,Пылесборный фильтр,ПФ 673OИВХ 521
1375-06-11,OBСЦ22,Газовый сепаратор,ГС 22OBСЦ 648
1959-11-09,LЮНP222,Внутренний предохранитель,ВП 222LPЮН 64
1671-09-10,ФКOS41,Автоматическая навигационная система,АНС 41OSФК 352
1343-10-01,ЩЪHЕ64,Модульный отсек,МО 64HЩЪЕ 680
1501-08-11,TЬГЬ647,Система взрывной обработки,СВО 647TЬГЬ 522
1954-05-28,АLHШ661,Камера сгорания,КС 661LHАШ 69
1674-03-15,ИИQV798,Автоматическая навигационная система,АНС 798QVИИ 349
1055-11-01,QБGM264,Блок управления турбиной,БУТ 264QGMБ 968
1765-10-24,ШПAБ183,Система санитарной обработки,ССО 183AШПБ 258
1721-06-08,ГUГЧ642,Система защиты от метеоритов,С 642UГГЧ 302
1603-03-24,ОBЖK951,Система очистки топлива,СОТ 951BKОЖ 420
1874-03-14,HЛПЙ512,Двигатель основной,ДО 512HЛПЙ 149
1749-09-23,EXVO741,Резервный топливный бак,РТБ 741EXVO 274
1713-10-01,PIUН48,Резервный блок питания,РБП 48PIUН 310
0967-10-22,XKРС644,Система аварийного отключения,САО 644XKРС 1056
1301-08-23,АИAX735,Камера сгорания,КС 735AXАИ 722
1592-04-05,ZZMJ491,Система охлаждения двигателя,СОД 491ZZMJ 431
1924-12-03,FDPЮ929,Система вентиляции,СВ 929FDPЮ 99
1226-12-03,ЫWЧТ385,Уплотнительное кольцо,УК 385WЫЧТ 797
1378-07-12,ШЗLB609,Воздухозаборник,В 609LBШЗ 645
1885-02-19,ECBT774,Огнедышащий сопел,ОС 774ECBT 138
1706-04-23,МНJU959,Рычаг управления,РУ 959JUМН 317
1394-07-10,CLДH750,Гидрозапорная система,ГС 750CLHД 629
0900-03-20,HБПК464,Ускоритель,У 464HБПК 1123
1765-05-09,RЗЩП80,Батарейный отсек,БО 80RЗЩП 258
0916-05-21,EЛЫB863,Информационно-управляющая система,ИС 863EBЛЫ 1107
1876-09-28,КGUЭ542,Термооболочка,Т 542GUКЭ 147
1122-09-21,ПЪЩB601,Гидравлический толкач,ГТ 601BПЪЩ 901
1196-07-23,ЬNХР778,Навигационный модуль,НМ 778NЬХР 827
1654-03-10,ШBPС166,Отделение ступеньки,ОС 166BPШС 369
1878-10-01,EЫFТ700,Теплообменник,Т 700EFЫТ 145
1756-04-20,ЦGЛР762,Кислородный бак,КБ 762GЦЛР 267
1599-08-01,АWИТ277,Кондиционер воздуха,КВ 277WАИТ 424
1849-06-19,ЛIQШ263,Батарейный отсек,БО 263IQЛШ 174
1747-10-07,BЖCQ439,Резервный топливный бак,РТБ 439BCQЖ 276
1192-02-01,QККЮ396,Система газораспределения,СГ 396QККЮ 831
0931-11-19,ГПFА309,Батарея электронных блоков,БЭБ 309FГПА 1092
1312-11-18,ДEIМ973,Система защиты от метеоритов,С 973EIДМ 711
1881-07-23,ЬHЧШ618,Система погасителей,СП 618HЬЧШ 142
1642-02-22,ЕJUX96,Корректирующая сопля,КС 96JUXЕ 381
1083-09-08,ЛЫKЫ807,Газовый сепаратор,ГС 807KЛЫЫ 940
1058-04-04,ЩЙЬQ27,Система охлаждения камеры сгорания,С 27QЩЙЬ 965
1675-07-28,ЦPWK895,Камера сгорания,КС 895PWKЦ 348
1268-04-08,IEQС424,Термобарическая камера,ТК 424IEQС 755
0913-08-10,VZЮМ954,Датчик температуры,ДТ 954VZЮМ 1110
1071-01-17,ШYRX872,Камера сгорания,КС 872YRXШ 952
1327-12-02,ВБKG773,Щит теплоизоляции,ЩТ 773KGВБ 696
1085-05-05,JЬЭЭ401,Система очистки топлива,СОТ 401JЬЭЭ 938
1162-09-12,ЗЗYZ722,Система защиты от перегрузок,С 722YZЗЗ 861
1578-02-12,ЗRRD927,Теплоизолирующая оболочка,ТО 927RRDЗ 445
1116-10-20,АEЗR47,Стойка поддержки,СП 47ERАЗ 907
1547-11-04,ЫФTЙ380,Датчик температуры,ДТ 380TЫФЙ 476
0942-04-05,ЛBВХ671,Система защиты от перегрузок,С 671BЛВХ 1081
1800-02-06,SFMХ610,Стабилизатор,С 610SFMХ 223
1777-04-27,ЕDТЗ509,Кислородный бак,КБ 509DЕТЗ 246
1409-11-02,EЭZД800,Спутниковая антенна,СА 800EZЭД 614
1157-08-09,SOЬI56,Телекоммуникационная антенна,ТА 56SOIЬ 866
1602-06-12,LЩЯУ569,Рычаг управления,РУ 569LЩЯУ 421
1732-02-19,NIDГ205,Ракетный агрегат,РА 205NIDГ 291
1813-01-13,AIPУ335,Система очистки топлива,СОТ 335AIPУ 210
1201-07-16,ЦХШJ355,Резервный турбонасос,РТ 355JЦХШ 822
1371-07-10,ЫЕLH964,Крепежные болты,КБ 964LHЫЕ 652
1043-03-19,LKТЙ869,Аэродинамический кокпит,АК 869LKТЙ 980
1760-04-09,NГFV901,Ракетный агрегат,РА 901NFVГ 263
1067-11-06,ЭЛУЭ137,Ступенька,С 137ЭЛУЭ 956
0984-06-06,OЙDH159,Батарейный отсек,БО 159ODHЙ 1039
1565-11-05,ЧYЯЮ834,Внутренний предохранитель,ВП 834YЧЯЮ 458
1242-03-16,AZЙC664,Аэродинамический кокпит,АК 664AZCЙ 781
1899-11-21,ЗVWZ377,Динамические тормоза,ДТ 377VWZЗ 124
0979-02-21,ГLSФ613,Система погасителей,СП 613LSГФ 1044
1843-05-19,ГЛТП44,Уровнемер топлива,УТ 44ГЛТП 180
1677-07-16,ЛCЙE670,Блок управления турбиной,БУТ 670CEЛЙ 346
1786-04-21,ШОЬЙ949,Корпусная панель,КП 949ШОЬЙ 237
1131-08-21,ХZOЙ803,Система подачи кислорода,СПК 803ZOХЙ 892
2015-02-26,JОUL15,Основное управление двигателем,ОУД 15JULО 8
1306-06-18,QSБЙ896,Система подачи кислорода,СПК 896QSБЙ 717
1743-07-26,ПГЬB80,Радиоизотопный генератор,РГ 80BПГЬ 280
1168-09-10,JФПF794,Система уничтожения мусора,СУМ 794JFФП 855
1764-01-04,НEУГ21,Система подкачки топлива,СПТ 21EНУГ 259
1864-01-12,ПСTZ199,Разделитель зарядки,РЗ 199TZПС 159
1855-07-11,OЫУE306,Газодинамическая система управления,ГСУ 306OEЫУ 168
1524-03-09,ЙXSН677,Ускоритель,У 677XSЙН 499
1424-11-02,PHMЪ975,Система взрывной обработки,СВО 975PHMЪ 599
1631-02-06,NJJH201,Резервный топливный бак,РТБ 201NJJH 392
1377-11-13,ШБAЫ718,Система уничтожения мусора,СУМ 718AШБЫ 646
1516-03-09,ЖOQЮ810,Информационно-управляющая система,ИС 810OQЖЮ 507
1946-11-11,ТШШE366,Наземная ракетная платформа,НРП 366EТШШ 77
2018-08-28,ШЦЕЖ263,Резервный блок питания,РБП 263ШЦЕЖ 5
1568-01-28,ЮMSЖ519,Газодинамическая система управления,ГСУ 519MSЮЖ 455
1990-01-12,QLЪЩ997,Мультиспектральный прибор,МП 997QLЪЩ 33
1595-01-07,НQZI309,Система стабилизации,СС 309QZIН 428
1771-07-23,RОЩФ389,Гидравлическая система,ГС 389RОЩФ 252
0981-04-22,DЮAE30,Кислородный бак,КБ 30DAEЮ 1042
1620-08-17,ДХSN695,Блок управления турбиной,БУТ 695SNДХ 403
1805-08-15,PЪTI471,Вакуумная камера,ВК 471PTIЪ 218
1752-03-13,ХZЪФ923,Турбоагрегат,Т 923ZХЪФ 271
1598-01-09,VNДД960,Камера сгорания,КС 960VNДД 425
1556-02-11,FЭQQ397,Крепежные болты,КБ 397FQQЭ 467
1339-04-03,ГЯUT169,Контейнер для отходов,КДО 169UTГЯ 684
1040-10-01,RYBЙ267,Рулевая сопля,РС 267RYBЙ 983
0934-08-17,VШWE474,Зарядное устройство,ЗУ 474VWEШ 1089
1956-06-13,OКИO66,Корректирующая сопля,КС 66OOКИ 67
1253-12-10,TDYЦ492,Коммуникационная панель,КП 492TDYЦ 770
1345-10-21,ЯYBM141,Турбонасосный агрегат,ТА 141YBMЯ 678
1273-05-03,KФVI497,Батарейный отсек,БО 497KVIФ 750
1196-05-10,ЛURЪ263,Система подачи кислорода,СПК 263URЛЪ 827
1110-11-27,ЯХPИ8,Ступенька,С 8PЯХИ 913
0937-04-21,ТGЛC30,Мультиспектральный прибор,МП 30GCТЛ 1086
1620-02-22,YЮФА410,Внешний обтекатель,ВО 410YЮФА 403
1451-06-02,YЧVЬ654,Кольцевой теплообменник,КТ 654YVЧЬ 572
1285-09-13,AЯTФ828,Уровнемер топлива,УТ 828ATЯФ 738
1499-03-22,HYIQ747,Охолаждающая система,ОС 747HYIQ 524
1711-03-09,РNTЧ995,Инерциальная навигационная система,ИНС 995NTРЧ 312
1551-12-20,ОUXА57,Рычаг управления,РУ 57UXОА 472
1938-12-16,FЪBE286,Лазерный прицел,ЛП 286FBEЪ 85
1890-09-03,HКGМ578,Система очистки топлива,СОТ 578HGКМ 133
1234-09-23,FVKУ472,Мультиспектральный прибор,МП 472FVKУ 789
1216-08-12,TЭCM248,Стабилизатор,С 248TCMЭ 807
1787-01-13,ЩРВО699,Резервная система питания,РСП 699ЩРВО 236
1549-04-17,MИYR537,Воздухозаборник,В 537MYRИ 474
1515-05-19,WGPШ84,Датчик температуры,ДТ 84WGPШ 508
1531-01-20,ЖYCИ414,Гидравлический толкач,ГТ 414YCЖИ 492
0960-03-26,BРGС972,Воздухозаборник,В 972BGРС 1063
0950-07-21,АЖЭД86,Газодинамическая система управления,ГСУ 86АЖЭД 1073
1822-12-09,ВЪЮV84,Зарядное устройство,ЗУ 84VВЪЮ 201
0988-04-20,ФЯАF953,Комплект резервных датчиков,КРД 953FФЯА 1035
1441-02-07,XЖNY143,Гидравлический толкач,ГТ 143XNYЖ 582
1318-02-22,CKНC52,Фазовод,Ф 52CKCН 705
1721-02-25,MRSF529,Солнечные батареи,СБ 529MRSF 302
1423-12-27,SКCЗ863,Теплоизолирующая оболочка,ТО 863SCКЗ 600
1687-01-22,TФWЪ757,Блок управления турбиной,БУТ 757TWФЪ 336
1084-04-07,ЭLED459,Запасной контейнер,ЗК 459LEDЭ 939
1187-08-27,ЗЙVU546,Гидрозапорная система,ГС 546VUЗЙ 836
1389-11-25,ХЖХG655,Внешний обтекатель,ВО 655GХЖХ 634
1563-02-07,OEЩJ703,Резервный топливный бак,РТБ 703OEJЩ 460
1037-01-26,УHEЖ437,Турбоагрегат,Т 437HEУЖ 986
1661-09-04,MНИЦ732,Структурный каркас,СК 732MНИЦ 362
1326-06-04,КDCО896,Система взрывной обработки,СВО 896DCКО 697
1870-03-08,SGЬV855,Разъединитель топливных линий,РТЛ 855SGVЬ 153
2006-07-21,BМСL605,Воздухозаборник,В 605BLМС 17
1016-10-27,VPSB214,Основное управление двигателем,ОУД 214VPSB 1007
1918-01-22,ЖТXБ359,Устройство управления тягой,УУТ 359XЖТБ 105
1622-07-05,КСXT106,Модульный отсек,МО 106XTКС 401
1447-01-09,XТYБ530,Ступенька,С 530XYТБ 576
1940-09-23,TIDQ403,Крепежные болты,КБ 403TIDQ 83
0942-05-20,SGPX644,Блок управления турбиной,БУТ 644SGPX 1081
1021-08-28,ФУWV141,Стойка поддержки,СП 141WVФУ 1002
1400-03-22,ЮSGЬ331,Лазерный прицел,ЛП 331SGЮЬ 623
1007-02-04,ТДCQ748,Пылесборный фильтр,ПФ 748CQТД 1016
1848-09-01,УЫРЛ326,Фазовод,Ф 326УЫРЛ 175
1866-07-14,LRЧO900,Радиосигнальная система,РС 900LROЧ 157
1520-12-14,ЭLГЮ83,Фильтр газоотводного патрубка,ФГП 83LЭГЮ 503
1166-01-08,ЯDNЭ906,Ускоритель,У 906DNЯЭ 857
1314-02-14,KХDЯ22,Вакуумная камера,ВК 22KDХЯ 709
1996-05-20,БRHЙ346,Реверсивная тяга,РТ 346RHБЙ 27
1885-04-16,АFОЩ833,Кондиционер воздуха,КВ 833FАОЩ 138
1150-02-26,РФЭZ539,Охлаждающий генератор,ОГ 539ZРФЭ 873
1237-07-15,ЗЦЫQ16,Система автоматического восстановления,САВ 16QЗЦЫ 786
1875-08-17,ZSOD722,Гидрозапорная система,ГС 722ZSOD 148
1347-07-22,ЯВVЛ261,Разгрузочный механизм,РМ 261VЯВЛ 676
1879-07-19,БAМБ405,Разъединитель топливных линий,РТЛ 405AБМБ 144
1550-10-06,RBLИ487,Блок управления турбиной,БУТ 487RBLИ 473
1873-05-24,ВDЗЩ99,Стойка поддержки,СП 99DВЗЩ 150
1396-10-24,БQЛГ599,Внутренний предохранитель,ВП 599QБЛГ 627
1971-11-22,ЭТЖI44,Газовый генератор,ГГ 44IЭТЖ 52
1982-01-27,НZЧЮ976,Генератор apu,ГA 976ZНЧЮ 41
1068-10-28,CЩКЯ342,Модульный отсек,МО 342CЩКЯ 955
1322-02-17,ДVЛT539,Система уничтожения мусора,СУМ 539VTДЛ 701
1657-08-17,ДMЖЮ620,Газовый сепаратор,ГС 620MДЖЮ 366
1152-03-07,VСVЙ519,Динамические тормоза,ДТ 519VVСЙ 871
1307-09-12,МХKM353,Разделитель зарядки,РЗ 353KMМХ 716
1546-03-05,ЪUGP505,Система дозаправки топлива,СДТ 505UGPЪ 477
1710-10-23,GЩTV770,Система стабилизации,СС 770GTVЩ 313
1690-09-04,ITKT545,Система вентиляции,СВ 545ITKT 333
1798-03-24,ЬBЩO503,Ракетный агрегат,РА 503BOЬЩ 225
1059-12-02,GNWЕ285,Корпусная панель,КП 285GNWЕ 964
1154-03-17,ПЫPZ257,Автоклавная установка,АУ 257PZПЫ 869
1118-05-23,ЪЩВР618,Газовый сепаратор,ГС 618ЪЩВР 905
1001-06-18,HCЩЭ89,Разъединительные болты,РБ 89HCЩЭ 1022
1877-09-10,ZMPЭ224,Динамические тормоза,ДТ 224ZMPЭ 146
1655-08-13,SГНB572,Датчик температуры,ДТ 572SBГН 368
1644-01-15,EЫЦЯ875,Корпусная панель,КП 875EЫЦЯ 379
1866-11-09,УЗMМ381,Газовый сепаратор,ГС 381MУЗМ 157
1957-06-24,NDFW340,Топливный бак,ТБ 340NDFW 66
1481-09-13,ЦОKЖ143,Газодинамическая система управления,ГСУ 143KЦОЖ 542
1156-07-22,BZCП557,Внутренний предохранитель,ВП 557BZCП 867
1319-04-10,VКBТ320,Наземная ракетная платформа,НРП 320VBКТ 704
1817-04-18,AАQO664,Система уничтожения мусора,СУМ 664AQOА 206
0980-06-02,ЗRNX260,Охлаждающий генератор,ОГ 260RNXЗ 1043
1493-07-16,ЪДВY626,Резервный турбонасос,РТ 626YЪДВ 530
1798-01-23,BZЛZ684,Огнедышащий сопел,ОС 684BZZЛ 225
1914-05-27,IJVE641,Термобарическая камера,ТК 641IJVE 109
0990-05-11,УЩГМ97,Автоклавная установка,АУ 97УЩГМ 1033
1522-08-17,ИNJБ55,Топливный бак,ТБ 55NJИБ 501
1002-12-09,PFЮN786,Газодинамическая система управления,ГСУ 786PFNЮ 1021
1982-06-13,МТUС123,Корпусная панель,КП 123UМТС 41
1929-07-11,XЫQZ42,Мультиспектральный прибор,МП 42XQZЫ 94
1478-08-24,PHRТ874,Клапан подкачки топлива,КПТ 874PHRТ 545
1771-12-21,ETVА961,Теплообменник,Т 961ETVА 252
1800-12-09,ЖEЗЪ53,Контроллер топлива,КТ 53EЖЗЪ 223
1748-06-14,ИХЯQ384,Кислородный бак,КБ 384QИХЯ 275
1294-05-20,ЮХYГ721,Топливный насос,ТН 721YЮХГ 729
1771-07-17,ЮDЖВ409,Система санитарной обработки,ССО 409DЮЖВ 252
1467-11-05,ЪWLС897,Гидравлический толкач,ГТ 897WLЪС 556
1101-11-25,EЧЕY399,Внутренний предохранитель,ВП 399EYЧЕ 922
1041-10-07,AWЖY880,Фильтр газоотводного патрубка,ФГП 880AWYЖ 982
1558-11-05,XИRЯ372,Азотный бак,АБ 372XRИЯ 465
0980-09-15,MZDQ508,Щит теплоизоляции,ЩТ 508MZDQ 1043
0946-05-11,БMHZ707,Система взрывной обработки,СВО 707MHZБ 1077
1750-04-05,ЗЩEП754,Регулятор давления,РД 754EЗЩП 273
1675-09-22,КEDК49,Система дозаправки топлива,СДТ 49EDКК 348
1343-05-23,ХIЪN221,Герметичный контейнер,ГК 221INХЪ 680
1868-11-10,LXНЪ820,Гидравлический толкач,ГТ 820LXНЪ 155
1760-04-14,ТGTЮ156,Вакуумный регулятор давления,ВРД 156GTТЮ 263
1192-10-25,ОУЩЕ338,Система аварийного отключения,САО 338ОУЩЕ 831
0965-12-12,OQNЙ484,Разгрузочный механизм,РМ 484OQNЙ 1058
1861-02-13,RШФХ268,Система автоматического восстановления,САВ 268RШФХ 162
1838-12-23,ЮЭЖD652,Разделитель зарядки,РЗ 652DЮЭЖ 185
1274-05-16,ЙЧЖИ535,Щит теплоизоляции,ЩТ 535ЙЧЖИ 749
1608-04-28,GRИС27,Разгрузочный механизм,РМ 27GRИС 415
1711-12-17,IПМL33,Модульный отсек,МО 33ILПМ 312
1450-06-28,ПOХИ509,Двигатель основной,ДО 509OПХИ 573
1639-11-06,ЦSЫД910,Система санитарной обработки,ССО 910SЦЫД 384
1381-09-27,КЮOЧ713,Контроллер топлива,КТ 713OКЮЧ 642
1103-05-26,HNФЦ427,Телекоммуникационная антенна,ТА 427HNФЦ 920
1458-04-18,WYПВ527,Вакуумный регулятор давления,ВРД 527WYПВ 565
1906-01-14,QTXД879,Информационно-управляющая система,ИС 879QTXД 117
1410-09-09,AКШК319,Система газораспределения,СГ 319AКШК 613
1655-06-21,ФФИH165,Мультиспектральный прибор,МП 165HФФИ 368
1303-02-21,EMЖH971,Воздухозаборник,В 971EMHЖ 720
1438-03-03,АКQV572,Радиосигнальная система,РС 572QVАК 585
1903-02-01,ХМKУ765,Автоматическая навигационная система,АНС 765KХМУ 120
1649-06-08,БШQЩ497,Гидрозапорная система,ГС 497QБШЩ 374
0953-03-04,ТБEШ522,Запасной двигатель,ЗД 522EТБШ 1070
1534-08-28,ЙGЩБ85,Телекоммуникационная антенна,ТА 85GЙЩБ 489
1261-08-27,ЧHTN947,Газодинамическая система управления,ГСУ 947HTNЧ 762
1609-05-09,ПWВЕ664,Солнечные батареи,СБ 664WПВЕ 414
